table article_comment
INSERT INTO public.article_comment(id, contenido, fecha, existencia, id_article_fk, id_user_fk, asunto)VALUES(17,	'El disco me salió rayado y no lo pude usar, no recomendado',	'2019-07-05 01:47:15.81042-04',	true,	5,	3,	'No recomendado...')
INSERT INTO public.article_comment(id, contenido, fecha, existencia, id_article_fk, id_user_fk, asunto)VALUES(20,	'Excelente videojuego!',	'2019-07-05 08:22:24.944303-04',	true,	5,	4,	'Me encanta este videojuego!!')
INSERT INTO public.article_comment(id, contenido, fecha, existencia, id_article_fk, id_user_fk, asunto)VALUES(21,	'asdasd',	'2019-07-08 10:05:33.337747-04',	true,	6,	3)	

table adminview_teammembers;
INSERT INTO public.adminview_teammembers (id, name, position, existencia, description, width_field, height_field, email, image_path) VALUES(0,	'Luis Bermúdez',	'Front End',	true,	'Creativo e innovador, le gusta adquirir nuevos conocimientos para luego innovar y llegar a un mejor resultado.',	200,	200,	'kike1996@hotmail.com',	'static/img/1.png');
INSERT INTO public.adminview_teammembers (id, name, position, existencia, description, width_field, height_field, email, image_path) VALUES(1,	'Abdías Labrador',	'Back End',	true,	'Detallista y analítico, le gusta observar cada detalle para estar familiarizado en el entorno que se desarrolla.',	200,	200,	'abdiaslabrador@gmail.com',	'static/img/2.png');

table adminview_enterprisedata;
INSERT INTO public.adminview_enterprisedata (id, name, date, description, phone_number, direction, employees, width_field, height_field, image_path, email) VALUES(0,	'weMarket',	'1995-12-14 00:00:00',	'Creamos tu tienda virtual fácilmente, en segundos tendrás tu propia página web!.',	'0414-690-7921',	'Residencias san josé, puente españa sector belloso',	2,	4529,	3481,	'static/img/weMarketvec.png',	'wemarket@gmail.com');


table adminview_templates
INSERT INTO public.adminview_templates (id, description, template_name, "isSelected", image_path, temp_selected, width_field, height_field) VALUES(3,	'El rojo se asocia a la estimulación, la pasión, la fuerza y el peligro. Si lo que buscas es una paleta de colores asertiva y agresiva, ésta es la que buscas!.',	'Passionate Red',	false,	'static/img/templates/red.png',	false,	900,	400);
INSERT INTO public.adminview_templates (id, description, template_name, "isSelected", image_path, temp_selected, width_field, height_field) VALUES(1,	'Los expertos asocian el color verde con juventud, buena vida y ecología. Incita a la relajación y bienestar con esta paleta de colores para tu tienda.',	'Jungle Green',	false,	'static/img/templates/green.png',	false,	900,	400);
INSERT INTO public.adminview_templates (id, description, template_name, "isSelected", image_path, temp_selected, width_field, height_field) VALUES(0,	'Paleta de colores predeterminada, un color azul/morado bastante entregado y tranquilo. Perfecto para que el comprador consuma tranquilamente.',	'Calm Brightness',	true,	'static/img/templates/predeterminado.png',	true,	900,	400);
INSERT INTO public.adminview_templates (id, description, template_name, "isSelected", image_path, temp_selected, width_field, height_field) VALUES(4,	'¿Sabías que en el antiguo Egipto el negro representaba misterio?. Actualmente representa la formalidad y elegancia, pruébalo si eso va contigo!.',	'Fashion Darkness',	false,	'static/img/templates/dark.png',	false,	900,	400);
INSERT INTO public.adminview_templates (id, description, template_name, "isSelected", image_path, temp_selected, width_field, height_field) VALUES(2,	'Tranquilidad, frescura, confianza e inteligencia son cuatro de las cosas que representa esta paleta. Hoy en día se usa mucho en el marketing empresarial!.',	'Light Blue',	false,	'static/img/templates/light blue.png',	false,	900,	400);



table article_clasificacion
INSERT INTO public.article_clasificacion (id, nombre_clasificacion, existencia) VALUES (5, 'Videojuegos', true);
INSERT INTO public.article_clasificacion (id, nombre_clasificacion, existencia) VALUES (6, 'Consolas', true);
INSERT INTO public.article_clasificacion (id, nombre_clasificacion, existencia) VALUES (7, 'Hogar', true);
INSERT INTO public.article_clasificacion (id, nombre_clasificacion, existencia) VALUES (8, 'Computadores', true);
INSERT INTO public.article_clasificacion (id, nombre_clasificacion, existencia) VALUES (2, 'Víveres', true);
INSERT INTO public.article_clasificacion (id, nombre_clasificacion, existencia) VALUES (3, 'Electrodomésticos', true);
INSERT INTO public.article_clasificacion (id, nombre_clasificacion, existencia) VALUES (9, 'Comida', true);
INSERT INTO public.article_clasificacion (id, nombre_clasificacion, existencia) VALUES (10, 'Arte', true);
INSERT INTO public.article_clasificacion (id, nombre_clasificacion, existencia) VALUES (11, 'asdasd', false);

table article_articulos
INSERT INTO public.article_articulo (id, nombre_producto, "Descripcion", precio, cantidad, existencia, nombre_imagen, id_clasificacion_fk, valoracion, long_descripcion, width_field, height_field) VALUES (6, 'Sillas de plástico para niños', 'Sillas de plástico para niños con posa brazos, para el disfrute de los más pequeños de la casa.', 1234, 152, true, 'static/img/item6.png', 7, 3, 'Sillas de plástico para niños con posa brazos, para el disfrute de los más pequeños de la casa.', 700, 400);
INSERT INTO public.article_articulo (id, nombre_producto, "Descripcion", precio, cantidad, existencia, nombre_imagen, id_clasificacion_fk, valoracion, long_descripcion, width_field, height_field) VALUES (3, 'Lavadora AddWash', 'Lavadora AddWash, la nueva lavadora última tecnología de Samsung ya está disponible en nuestra tienda.', 45000, 25, true, 'static/img/item3.png', 3, 5, 'Lavadora AddWash, la nueva lavadora última tecnología de Samsung ya está disponible en nuestra tienda.', 700, 400);
INSERT INTO public.article_articulo (id, nombre_producto, "Descripcion", precio, cantidad, existencia, nombre_imagen, id_clasificacion_fk, valoracion, long_descripcion, width_field, height_field) VALUES (5, 'Super Mario Odyssey', 'Acompaña a Mario en su última aventura para salvar a Pauline de las garras del malvado Bowser, Para Nintendo Switch.', 1220, 5, true, 'static/img/item5.png', 5, 4, 'Acompaña a Mario en su última aventura para salvar a Pauline de las garras del malvado Bowser, Para Nintendo Switch.', 0, 0);
INSERT INTO public.article_articulo (id, nombre_producto, "Descripcion", precio, cantidad, existencia, nombre_imagen, id_clasificacion_fk, valoracion, long_descripcion, width_field, height_field) VALUES (4, 'Xbox 360 Slim 4GB', 'Xbox 360 Slim 4GB, viene con dos controles. La consola dominante de la 5ta generación ahora disponible en weMarket.', 41000, 12, true, 'static/img/item4.png', 6, 4, 'Xbox 360 Slim 4GB, viene con dos controles. La consola dominante de la 5ta generación ahora disponible en weMarket.', 0, 0);
INSERT INTO public.article_articulo (id, nombre_producto, "Descripcion", precio, cantidad, existencia, nombre_imagen, id_clasificacion_fk, valoracion, long_descripcion, width_field, height_field) VALUES (2, 'Laptop Marca Dell 64 Bits', 'Laptop Marca Dell Windows 10 64 bits | procesador Intel Core 2 Duo con 4GB de RAM | Hard Disk DDR 320 GB | 1GB Video Memory.', 12000, 50, true, 'static/img/item1.png', 8, 5, 'Laptop Marca Dell Windows 10 64 bits | procesador Intel Core 2 Duo con 4GB de RAM | Hard Disk DDR 320 GB | 1GB Video Memory.', 0, 0);
INSERT INTO public.article_articulo (id, nombre_producto, "Descripcion", precio, cantidad, existencia, nombre_imagen, id_clasificacion_fk, valoracion, long_descripcion, width_field, height_field) VALUES (1, 'Computadora Geforce GTX', 'Computadora Geforce GTX 10 Series | Core I7 7ma generación | 8GB RAM | 1TB HDD | GTX 1050TI | perfecta para Gamers.', 2000, 2, true, 'static/img/item2.png', 8, 5, 'Computadora Geforce GTX 10 Series | Core I7 7ma generación | 8GB RAM | 1TB HDD | GTX 1050TI | perfecta para Gamers.', 0, 0);
INSERT INTO public.article_articulo (id, nombre_producto, "Descripcion", precio, cantidad, existencia, nombre_imagen, id_clasificacion_fk, valoracion, long_descripcion, width_field, height_field) VALUES (19, '777', '987', 6547, 6544, false, '', 11, 0, '987', 0, 0);
INSERT INTO public.article_articulo (id, nombre_producto, "Descripcion", precio, cantidad, existencia, nombre_imagen, id_clasificacion_fk, valoracion, long_descripcion, width_field, height_field) VALUES (18, '78797', '45678', 321, 321, false, 'uploads/None/img/IMG-20181123-WA0003.jpg', 11, 0, '8979', 945, 1080);
INSERT INTO public.article_articulo (id, nombre_producto, "Descripcion", precio, cantidad, existencia, nombre_imagen, id_clasificacion_fk, valoracion, long_descripcion, width_field, height_field) VALUES (17, 'yttt', '4544', 321, 321445, false, '', 11, 0, '45454', 0, 0);
INSERT INTO public.article_articulo (id, nombre_producto, "Descripcion", precio, cantidad, existencia, nombre_imagen, id_clasificacion_fk, valoracion, long_descripcion, width_field, height_field) VALUES (16, 'asd', 'qweqwe', 124, 4578, false, 'uploads/None/img/44073017_2204030532942883_4836715315163299840_o.jpg', 11, 0, 'qweqwe', 1932, 1382);

table adminview_available_design_page
INSERT INTO public.adminview_available_design_page(id, description, type_design, name, "isSelected", temp_selected, width_field, height_field, image_path, image_path1, image_path2 )VALUES(3,	'Pequeño y fácil de usar, si quieres mantener un diseño simplista pero que a su vez detalla las virtudes de tu tienda. Esta plantilla cubrirá esa expectativa. ',	'Página Índice',	'Small Business',	false,	false,	900,	400,	'static/img/templates/index4 (1).png',	'static/img/templates/index4 (2).png', 'static/img/templates/index4 (3).png');
INSERT INTO public.adminview_available_design_page(id, description, type_design, name, "isSelected", temp_selected, width_field, height_field, image_path, image_path1, image_path2 )VALUES(0,	'Inicia en el ecommerce!, esta plantilla cubre todo lo que se necesita para una buena presentación visual para tu tienda virtual. Diseño predeterminado.',	'Página índice',	'Basic Index',	true,	true,	900,	400,	'static/img/templates/index2 (1).png',	'static/img/templates/index2 (2).png',	'static/img/templates/index2 (3).png');
INSERT INTO public.adminview_available_design_page(id, description, type_design, name, "isSelected", temp_selected, width_field, height_field, image_path, image_path1, image_path2 )VALUES(2,	'Cómodo, intuitivo y de fácil manejo, con este diseño tu tienda quedará muy atractiva para los consumidores. Échale un vistazo!.',	'Página índice',	'Heroic Commerce',	false,	false,	900,	400,	'static/img/templates/index3 (1).png',	'static/img/templates/index3 (2).png',	'static/img/templates/index3 (3).png');
INSERT INTO public.adminview_available_design_page(id, description, type_design, name, "isSelected", temp_selected, width_field, height_field, image_path, image_path1, image_path2 )VALUES(1,	'Atrae a usuarios más experimentados, este diseño le agrega un toque más moderno a tu tienda virtual. La facilidad de uso la hace una de las mejores opciones.',	'Página índice',	'Modern Business',	false,	false,	900,	400,	'static/img/templates/index1 (1).png',	'static/img/templates/index1 (2).png',	'static/img/templates/index1 (3).png');
